feature1,feature2,price,predictions
37.454011884736246,9.256646441930982,78.46047295866448,87.17641722668674
95.07143064099162,27.095047368917907,143.45700651793302,151.8453643715767
73.1993941811405,43.647291793820415,171.62949175919582,173.8403650938105
59.86584841970366,36.61124432047806,156.82906791896974,153.0719934943396
15.601864044243651,40.32805739307248,147.5928930705993,138.15514771707646
15.599452033620263,32.93916833553587,115.6462731810784,123.40904741657744
5.8083612168199465,34.613828225892625,137.05872274979043,121.81069926447474
86.61761457749351,42.459782578265965,175.517136434853,178.24095762559858
60.11150117432088,12.483400442959296,104.80887852959468,105.04766828061395
70.80725777960456,24.471248182157023,126.87400846263807,134.3666671405791
2.0584494295802447,11.060472090980111,48.90776629402093,72.91678187986928
96.99098521619943,49.38340039983235,206.10274737137487,197.2913785406544
83.24426408004217,47.202966984330665,193.39650497960673,186.00414560105332
21.233911067827616,1.971340568425295,61.74636109958227,64.45419248727215
18.182496720710063,35.27875862578442,130.31867278417258,129.38111852203212
18.34045098534338,46.26241587078329,156.85444941127926,151.37923225021277
30.42422429595377,9.028767256366676,67.64418809184481,83.17470960221307
52.475643163223786,28.397261527631475,127.74181786341192,132.95177917385493
43.194501864211574,45.774414879402094,171.08872748712824,162.94581268245034
29.122914019804192,1.697298929289942,55.41316063678949,67.88782040985853
61.18528947223795,34.871013362342,153.27025078246925,150.26501879559606
13.949386065204184,14.86745036862754,73.14377572362312,86.51350492069923
29.214464853521815,46.21980976882652,161.71115178874922,156.78082401991492
36.63618432936917,48.552912258268385,165.06750185824652,165.18135988419252
45.606998421703594,47.213324455671696,151.0788299631401,167.03448002117446
78.51759613930136,23.71071083287319,148.32761327996877,136.7393221223545
19.967378215835975,43.10213254946567,138.84203843886883,145.89362064410014
51.42344384136116,42.22746992675352,152.0641374040438,160.01972503522205
59.24145688620425,15.955023662162782,113.53646773973712,111.53646799753363
4.645041271999773,41.44577370753387,146.70044154535478,134.85720782892707
60.75448519014384,1.850381735774631,73.91978787683722,84.15339363820115
17.052412368729154,29.81349392410265,118.76999253104958,117.90472246734852
6.505159298527952,11.500441864385152,80.54162838134002,76.03840358105376
94.88855372533332,6.0283442888639405,116.432021513026,109.71347297369633
96.56320330745594,3.847660081460458,107.74133736942112,106.2067773735092
80.83973481164611,34.81443879390699,156.3784666028038,160.06900797085925
30.46137691733707,16.993748188403305,90.94228262898794,99.08795772288951
9.767211400638388,36.238338576438075,128.2217216836591,127.0499731638127
68.42330265121569,3.2678170399471185,80.02589528564602,90.85134787506911
44.01524937396013,15.764516891530516,74.32315363509503,103.47373671205558
12.203823484477883,26.974564618766863,114.41663902134934,109.79308882062551
49.51769101112702,39.53615824194818,162.87051040032182,153.68751272065575
3.4388521115218396,15.937625146603496,59.965351993549525,83.34587399455216
90.9320402078782,31.294568821850454,147.95785070054063,158.13713214098186
25.87799816000169,44.29888741180935,157.72831651367153,151.2640767782652
66.2522284353982,30.79315940911523,165.28738773304656,144.68405012100246
31.171107608941096,11.647973737681689,89.089438356588,88.77831098422186
52.00680211778108,1.220039077826901,71.16344980225301,78.48176601034828
54.67102793432797,43.50494369504649,162.5164369462086,164.20759290448723
18.485445552552704,1.063470542519357,75.11842805279692,61.25572292525309
96.95846277645586,43.73508363420997,179.4897568654025,186.0034813377769
77.51328233611146,26.4468567013606,133.6584345042744,141.6926941357767
93.9498941564189,46.95338492564481,186.0542817076787,190.90774683550998
89.48273504276489,39.93916178868327,165.08640501616188,174.65656861688558
59.78999788110851,49.89670552666687,180.91511315383596,179.54549865125577
92.18742350231167,17.535590772585508,147.41167788102246,131.31384878033546
8.84925020519195,38.35941444655634,134.37424672686893,130.8195136749598
19.59828624191452,20.096545680462107,97.4686994606186,99.79863640087842
4.522728891053807,23.99378101519544,97.33081378676236,99.96920332898247
32.53303307632643,31.375273160918503,113.38515477303366,128.8322611081512
38.8677289689482,43.68385570931694,165.63267367457956,156.59087613835834
27.134903177389592,49.20417345996476,161.1974265384963,161.6869974020148
82.87375091519293,38.41367069322591,166.45941770814204,168.2777354913891
35.67533266935893,20.888339108366687,141.54542022986146,109.49056510749995
28.093450968738075,21.06785011385351,109.16995479573292,106.02325847736586
54.26960831582485,36.879115079444574,143.37512381584972,150.78289231485786
14.092422497476264,11.938857288415116,76.66034986351293,80.7415274040697
80.21969807540397,5.523705656569733,112.641717442809,101.30509503416741
7.455064367977082,17.731107882038827,90.32245205344384,88.95128313295649
98.68869366005173,14.361949582704089,113.68546621226037,128.2609891702482
77.22447692966574,14.815406022799504,127.43533985618392,118.33585495694967
19.87156815341724,11.680387552495496,76.61511832630968,83.14167596993057
0.5522117123602399,2.104659481818094,73.21840258199177,54.28503699027125
81.54614284548342,0.8936967366706905,103.36094555322956,92.73496331349841
70.68573438476172,49.386119486801576,179.6418872093965,184.02417437610427
72.90071680409874,21.388656686793116,142.03783539298672,129.2714875274479
77.12703466859458,19.216332357984083,127.67473715553947,127.06894934427832
7.4044651734090365,33.982364134653494,130.1946976072337,121.35591573701562
35.84657285442726,10.912694393253208,94.5960033866648,89.6700878501873
11.586905952512971,47.49805919751127,142.32600482137028,150.43743564851138
86.31034258755935,39.3172507207776,165.35417441216026,171.81484647243778
62.329812682755794,4.470550115612975,100.40561474841546,90.17691599540251
33.08980248526492,20.87903878924642,104.95522550005988,108.16744556701205
6.355835028602364,43.95591537810824,137.0532636380977,140.72951772935465
31.09823217156622,47.23660111457051,150.4710925214306,159.760357450975
32.518332202674706,23.370075562493486,117.23530788225897,112.85008699548138
72.96061783380641,30.670569460535383,168.44669703040543,147.82421442460668
63.75574713552131,8.35169730460376,87.90593903442544,98.64140412791937
88.72127425763266,49.558431306848824,193.7196943092416,193.46807914573623
47.22149251619493,11.58358506917217,110.9001219505961,96.7482347713279
11.959424593830173,47.136588706756285,149.4564757979705,149.904062663077
71.3244787222995,32.482332449618426,155.15062222288392,150.61414092038422
76.07850486168974,30.386839743942957,138.188996637262,148.83118548228384
56.127719756949624,25.63442555082543,133.61578195220216,129.28110628193323
77.0967179954561,11.533490585887934,109.74389751945844,111.7221726392257
49.37955963643907,8.826401600275414,102.199882975569,92.33502130773775
52.27328293819941,11.024310453508768,110.05912289176474,98.18111692141426
42.75410183585496,9.321913107212726,115.91651355253906,89.9808840335314
2.541912674409519,38.97922367833767,135.02573542601587,128.87392988831533
10.789142699330444,17.506262958336507,93.6650604321599,90.18484354401022
3.142918568673425,2.8921338281698183,59.29956995644971,57.16365216036572
63.64104112637804,48.45513150704057,175.19912064916326,178.61185852038875
31.435598107632668,44.18929424817129,157.48122598477582,153.8495321525832
50.85706911647028,46.387614159760645,165.24974877636615,168.03572165697295
90.7566473926093,49.74539113232176,196.5537157236443,194.86813842456039
24.929222914887493,8.694762460974365,93.03011173547208,79.73561803586432
41.038292303562976,19.812100945132936,100.07792238925096,110.0488258115969
75.55511385430486,37.91192378520456,175.00019010885202,163.58376919194149
22.879816549162246,34.80103090268961,144.213120753359,130.79787902095313
7.697990982879299,7.694795316992753,68.05790085551438,69.04591051398167
28.9751452913768,40.79165624953089,124.85233615466424,145.82793118638887
16.122128725400444,11.222028591833034,74.42690167542197,80.33517393681817
92.96976523425732,11.190880741131156,131.83658956500204,119.04741484484367
80.8120379564417,26.84872114467068,143.87478064457338,144.15906071598693
63.34037565104234,29.646996742085157,130.97115898674235,140.9276171302097
87.14605901877177,29.00431039189056,146.53390108088482,151.65654907470065
80.36720768991145,4.574341869887744,107.73848784977676,99.48502171037103
18.657005888603585,43.87304313151902,152.54192488935362,146.7708456722779
89.25589984899777,13.280002129435305,118.79863319167256,121.34248161370276
53.93422419156507,6.475746064140209,86.25036010591609,89.94228589433206
80.74401551640625,44.43740399344886,175.32923425466262,179.22380127383093
89.60912999234932,47.78257491148767,181.14561297416495,190.37225061907878
31.800347497186387,43.106380863272534,168.2666923698327,151.87256512348733
11.005192452767677,40.475803736243904,133.23099900675825,136.13067678936255
22.793516254194166,32.76209903195109,139.09254139925423,126.68554861297837
42.71077886262563,27.542868530456964,141.65428701145126,126.31981731911469
81.80147659224932,4.349337995570507,109.58252326874528,99.75969326369398
86.07305832563435,20.422660653534937,129.56564734270657,133.99005912315116
0.6952130531190703,18.6344258506157,91.65375913115702,87.34313339414777
51.07473025775657,12.98768918801631,101.27078744100176,101.49438941442938
41.7411003148779,36.17100568442925,134.17554291899614,143.04841679955084
22.210781047073024,24.79378675393854,113.93655684862962,110.49037238518639
11.98653673336828,4.052310795382397,52.30749204585091,63.94099482403315
33.7615171403628,11.009160097490566,100.77587264977817,88.81054989794353
94.29097039125192,34.162938182979794,160.8251885886016,165.55588964585576
32.320293202075526,3.8065429745150094,75.78482910879619,73.71019435853856
51.87906217433661,42.56034570243843,163.8931012075066,160.9138823485237
70.30189588951778,24.757326350698715,132.07655090911555,134.68256346638037
36.3629602379294,24.0293288663324,122.10707586638225,116.10551190221084
97.17820827209609,29.62038923297588,153.08084603577456,157.9478054084103
96.24472949421111,41.234048296257455,189.3034343141929,180.65242239887198
25.178229582536417,17.390460395109653,83.91023877902003,97.21394056255052
49.72485058923854,33.90080762795318,143.92783634598973,142.5464245373139
30.08783098167697,28.28659819978955,141.00640188100044,121.43490566963429
28.48404943774676,13.351413508471063,80.94153848975978,90.82181945778197
3.688694735453279,43.9314993177579,132.9298962979939,139.33505663998017
60.95643339798968,39.871301080346406,165.3598973562768,160.1278612153851
50.26790232288615,32.922591732921276,142.77495244668162,140.86835097108695
5.147875124998935,42.52908645471209,141.13841146465924,137.2727213493612
27.864646423661146,43.364710047990116,155.55361460928745,150.40226818479053
90.82658859666536,35.41814883575174,172.59680665545386,166.31272739859494
23.95618906669724,41.8506664181836,156.77642578927805,145.40886224273086
14.48948720912231,34.87357308346418,131.09007634077463,126.70919899327815
48.9452760277563,34.00703858801502,140.07413864372276,142.36506981685073
98.56504541106008,30.930568910759217,167.86939753907578,161.26207726897735
24.20552715115004,37.63583197788206,156.37324688029128,137.12376403886887
67.21355474058785,7.930255264653685,98.14095043577557,99.5450746342957
76.16196153287176,44.04353795994642,166.4227636396223,176.12589230328862
23.763754399239968,43.5921763872616,160.13703666701292,148.78703387623744
72.82163486118596,1.4623641517279573,88.1317340945129,89.46771119068
36.77831327192532,41.290837528238136,129.24413623229856,150.7612535439481
63.23058305935795,6.4434933736722595,102.97649504852772,94.56851361624405
63.35297107608947,16.755942712957093,109.8350891044197,115.20925432668169
53.57746840747585,37.17541281458039,150.2342270098571,151.0249411847232
9.02897700544083,8.03799480241541,73.91028141324138,70.40234656727094
83.5302495589238,40.89835120595311,175.4668239891588,173.5672791661445
32.07800649717358,41.606708897887096,156.34693921575138,149.01999381180775
18.651851039985424,25.373386688041812,105.7178351903779,109.85129103667992
4.077514155476392,0.319293585841679,57.80840223118238,52.5009872105046
59.08929431882418,14.35190665874564,105.6529937010642,108.26059550597573
67.75643618422824,30.84634591878711,152.95901473856335,145.54915244290123
1.6587828927856152,49.059308901371175,155.1016840892657,148.54363075380115
51.2093058299281,31.59067635083342,129.43161859618493,138.68544624789786
22.649577519793795,12.99017905320799,98.1649680280632,87.15710585982546
64.51727904094498,31.70028515498057,140.29957537929312,145.61887359786687
17.436642900499145,26.999268985792774,120.79743740464656,112.48266945510429
69.09377381024659,38.99226975755718,166.2042995542511,162.47950479104938
38.67353463005374,5.349031941347921,98.41666796567392,79.99390950288517
93.67299887367344,38.0513951251014,170.70462986332103,173.00368743745224
13.752094414599323,27.063328933805515,107.50953711372873,110.75142097064659
34.10663510502585,48.149600192949734,163.15832187953507,163.10021682994926
11.347352124058908,17.093608301934303,86.82909483755532,89.64302261056812
92.46936182785628,31.631094656697407,167.49628924674346,159.58435970751984
87.7339353380981,46.60140527550087,170.90667213568491,187.06901784879713
25.79416277151556,5.125486399533963,62.611229993362166,73.04937187596468
65.99840460341791,46.86142436182256,166.04402180956214,176.62097535833308
81.72222002012158,34.394286115040664,169.15275815987786,159.6758416144114
55.52008115994623,3.391852955258595,101.64988021630955,84.58839213514182
52.965057835600646,15.048178347340812,105.53439342710722,106.55998205997595
24.18522909004517,35.40860443226408,131.22160617765064,132.66898278025138
9.310276780589922,3.367530073438585,62.09072016830394,61.22414287551994
89.72157579533267,29.108523008813663,164.69661694137557,153.16401828277105
90.04180571633304,17.294152847647837,120.33567721155646,129.74945057261382
63.31014572732679,31.045775888373857,146.13031446775898,143.70369528361292
33.90297910487007,2.2871016906256427,81.27766923151061,71.4766394186873
34.92095746126609,43.576840307618816,159.62510104526913,154.38593079517324
72.59556788702393,48.67444845886985,185.5424970272391,183.56763006116375
89.71102599525771,48.44389276428458,201.75375945186943,191.7433550353292
88.70864242651173,37.48259158714624,142.287181457556,169.3637869682068
77.98755458576238,6.504312006531599,108.78115450125348,102.13568733662018
64.20316461542878,37.913159796451126,151.38714506934238,157.85847338631044
8.413996499504883,1.2293458229400755,38.359360927068025,56.505064442899176
16.162871409461378,1.1061775764498627,65.40581685288022,60.169064186317044
89.85541885270793,16.18051095747706,141.02531679293767,127.43308091846328
60.642905965958995,24.432159520233288,127.81128687716917,129.16011805522174
0.9197051616629648,38.52037089038966,137.02933983364017,127.13976281004084
10.147154286603213,34.16476883032526,139.52589738383858,123.10376980704149
66.35017691080559,22.295135318837417,140.9145036289181,127.77525563610132
0.5061583846218687,13.681333314083291,94.01539111419144,77.36360934325205
16.080805141749867,49.85622500788555,165.17412749736496,157.41071968572365
54.87337893665861,21.30906511179865,120.80915608094254,120.01674888414392
69.18951976926932,22.569351216483778,113.71380419863056,129.75509118093757
65.19612595026005,8.181191059583458,96.49982021299746,99.02791114983837
22.42693094605598,39.740477437496466,132.261954394859,140.4262731457085
71.2179221347536,34.68411128907443,176.6866108205038,154.9541320260568
23.724908749680008,11.03848063943802,82.18055752939269,83.80496914553561
32.539969815926774,4.119052280792134,75.74013753739251,74.44466217509282
74.64914051180241,34.02496510373565,160.88935422377716,155.37003656975216
64.96328990472146,32.72556071405676,148.36879084419883,147.88990039799103
84.9223410494178,13.662976349910466,136.73763362883736,119.92017594147924
65.76128923003434,47.543178112520515,171.74050722271366,177.8618083297425
56.830860333547164,7.552894589045012,95.46729389723602,93.55332010740435
9.367476782809248,21.616740052130098,90.49251263868432,97.6701795592138
36.77158030594335,47.18079600837994,149.54715705752452,162.51155161723256
26.520236768172545,20.98636584630611,99.11515916764564,105.06686858538745
24.398964337908357,31.92629738320428,125.6817089648786,125.82771435875395
97.30105547524455,19.879719898139715,134.11694528872908,138.57181555726856
39.30977246667604,13.710760117433502,90.15219666946646,97.00116146071241
89.20465551771133,49.19888239799141,178.93691791812014,192.99447783510433
63.11386259972629,20.46670031575215,121.6592762050805,122.49360444239825
79.48113035416485,44.70496018395672,164.10328180468588,179.12051863730392
50.26370931051921,11.497730294554309,105.72787488126424,98.11189446224351
57.69038846263591,10.655235201254165,100.98006216317133,100.1778751662651
49.25176938188639,1.556704144225568,63.16377798474503,77.76351247867036
19.52429877980445,32.58334126879425,121.8367411569921,124.67930596383924
72.24521152615053,18.426317186188054,115.45367607954556,123.02925359637999
28.07723624408558,43.21791249198185,153.6661882101983,150.21659135245025
2.431596643145384,23.66049533457786,111.94129345095986,98.24900984236763
64.54722959071678,48.40967139573608,160.3412328903731,178.97836895606767
17.711067940704893,9.276275785156058,78.55834633213873,77.25404904476167
94.04585843529144,43.43115839778054,182.28391805754043,183.92739441833012
95.39285770025872,38.829842639587085,182.0695148938082,175.42489229835445
91.48643902204483,38.5460922322026,174.9673702578045,172.8876242605753
37.01587002554444,42.239161405844385,145.4665645070728,152.77354153988514
1.5456616528867428,38.05119954714994,123.68469056407709,126.51934270735123
92.83185625877252,31.31101608157077,151.0777017244929,159.12852844364537
42.81841483173143,6.562243884119379,95.29376657009048,84.50628133849838
96.66548190436696,1.6263089745625958,101.79847538802812,101.82557035578151
96.36199770892529,46.04239239078434,209.2776904935614,190.30687325840597
85.300945546736,30.832515726036902,153.7088960872956,154.37384653703197
29.444889206958567,39.826864548808814,137.2921060319923,144.1396579051634
38.50977286019253,24.076117575627503,102.269977655223,117.28208111250221
85.11366715168569,5.865409448119724,86.25625570952285,104.45629224965019
31.692200515627768,6.259289610127522,62.52332004801404,78.28785646288372
16.94927466860925,34.27826436144857,129.7024325673166,126.76234712729442
55.68012624583501,21.515294744973133,125.95790284516312,120.83534407430413
93.6154774160781,10.026236335016836,101.04830435775138,117.04911278537942
69.6029796674973,24.579727337071844,142.9113276486535,133.9755095238524
57.0061170089365,3.210446853756705,80.09334169514726,84.9761847744785
9.717649377076851,29.09857009571994,114.5238949998338,112.77721484405716
61.500722669916975,13.449670221754884,123.7719080610225,107.67685446208608
99.00538501042632,39.87795503185941,188.22699572758728,179.3391949997852
14.008401523652402,15.518097946178688,85.35509017512526,87.84168039608309
51.832965236373674,22.76100745409006,112.52657527221407,121.38009237387524
87.73730719279554,0.5810269954050318,73.51255357391477,95.23484214242524
74.07686177542044,3.622344389727944,87.0915864747419,94.41139539878134
69.7015740995268,19.62467782033424,121.98884030215494,124.13721703322598
70.24840839871092,23.996941735856176,123.24629239955598,133.13819166058516
35.94911512197552,30.001027405965186,126.66404270199509,127.81351286869184
29.359184426449335,14.583128935465162,94.61436891374268,93.72132666873128
80.93611554785136,34.74909430632713,157.71768656849915,159.9872399628287
81.01133946791808,43.00611985946023,170.0178836446449,176.50248649421297
86.70723185801037,38.99254944466749,173.02526153800744,171.3671447159113
91.32405525564712,1.9809412674178573,104.04331665835336,99.83817517683605
51.13423988609378,24.02534736289145,112.71382389440132,123.55059317039007
50.15162946871996,5.246508920908743,99.67815637364018,85.58073049028076
79.82951789667752,12.102250793126371,113.13337921174887,114.23602798367469
64.99639307777652,49.333129663357326,181.3529520950514,181.04780515076837
70.19668772577033,7.124777145075662,106.43004238560206,99.44287990319629
79.57926694361011,24.9444076725678,142.01061012957567,139.73690222365332
89.00053418175663,30.907786715905956,165.84720686182268,156.390725293417
33.79951568515358,35.1232485272052,140.01749654900544,136.95054512413503
37.5582952639944,27.982434174345705,118.61964223428424,124.59724420995632
9.3981939840869,0.4885423709591829,59.29121698602283,55.523344205781655
57.8280140996174,16.323065412199593,100.12287580100129,111.55774346773526
3.594227379674209,25.885582169235573,104.65387508607348,103.27589688017272
46.55980181324602,4.393324957241668,81.73425091466174,82.06586109754488
54.26446347075766,17.53134656045904,110.11375628357152,112.17089431200955
28.65412521282844,1.6601554395683282,66.36199837116156,67.57716576794748
59.08332605690107,3.928924857751037,68.58102228897621,87.45802294049102
3.050024993904943,19.846163810079805,85.73009103970247,90.9493633854492
3.7348188749214417,6.635787702153017,66.0674338531779,64.93294382822185
82.26005606596583,28.37704241307791,149.48267677911272,147.9395141999943
36.019064141126286,34.47324845686329,126.67927757503014,136.7733385691065
12.706051265188478,40.029334955454146,149.06877395214954,136.09791561708013
52.224326005480435,10.007512212240504,87.46543894507623,96.12734534600924
76.99935530986109,8.374129112953488,114.94250788610488,105.3683894399747
21.582102749684317,5.228392016720012,75.51977902699903,71.12947951074622
62.28904758190003,31.82151247718183,138.32527564687567,144.73650760286688
8.5347464993768,35.32378632434506,142.6680548244736,124.60308521521016
5.16817211686077,1.579307241282102,43.80633222342979,55.5657096008884
53.1354631568148,46.81061231218449,179.3804979388764,170.02942587986456
54.06351216101065,2.5985641825736208,92.23470762608234,82.27041687475085
63.742990149820656,27.06481676505352,129.2949265142509,135.9778968437346
72.60913337226616,35.453025972545824,171.13527163186802,157.19049057630826
97.58520794625346,43.54845618730428,183.3890512017458,185.94728909909946
51.630034830119534,35.70434660662139,150.11064692110114,147.10675685376054
32.2956472941246,40.08640415348959,148.92385034175368,146.09596589264936
79.51861947687037,16.972509627140305,122.36124157801032,123.79799606430811
27.083225126207424,40.74125568732561,153.13220666935277,144.77276340048405
43.89714207056361,4.005742319233757,87.89494287927144,79.94894436091313
7.845638134226595,44.74083280302638,125.91916494078424,143.0475562305454
2.535074341545751,27.37961880768681,119.070177214928,105.72291042337542
96.26484146779252,40.864888498124685,163.23727784978888,179.92589401433378
83.59801205122058,22.61591422591501,147.35629652085686,137.11798773148018
69.59742060936979,32.178884759826246,160.42353119261324,149.13718855608403
40.89529444142699,26.320133046805665,112.17824901217284,122.9637654169927
17.329432007084577,36.579476087766594,127.71552529952962,131.54633869516235
15.643704267108603,4.081499101529479,54.927803651753905,65.844509293769
25.024289816459532,3.01760419952819,66.39814300439879,68.45454297619557
54.92266647061205,12.355161700507322,99.09131379446326,102.17367283802213
71.45959227000624,7.977234005659417,109.48086946901536,101.78121220061553
66.01973767177313,43.589178329610085,183.2913129563028,170.10181496297616
27.993389694594285,10.960699367902215,99.87493169100114,85.80346620456118
95.4865280663194,48.79326279095657,189.70810934928983,195.3546386512424
73.78969166957685,16.844789588555344,118.49220627445384,120.65252525827984
55.43540525114007,9.105895784434964,79.09511227223047,95.94831502292013
61.17207462343522,39.48492535712395,151.49718736100365,159.46563425711253
41.96000624277899,32.935388775043805,146.4992970024517,136.70203933865994
24.773098950115745,24.90978582265695,128.3619493558541,112.01470237422626
35.597267865126156,27.76817754688156,110.99150030752698,123.1802248846724
75.78461104643691,35.96008891361319,153.8878407589159,159.80458444728635
1.4393488629755868,11.422737066564936,73.3010909950284,73.32732442611683
11.607264050691624,49.816695802837096,158.23863521921606,155.07465837215386
4.600264202175275,48.73965810733915,141.68341311654947,149.38991195085345
4.072880231897013,32.516284317346845,121.30961919528308,116.74929179383594
85.54605840110072,9.977122546457256,107.9888808227557,112.87958158165122
70.36578593800236,34.01141212156457,153.0611945033475,153.18177294901227
47.41738290873252,3.609920448958792,86.39137483232084,80.93524258500015
9.783416065100148,1.5326251102903032,58.021180951240055,57.80122992773174
49.16158751168324,12.884144425560685,95.98522370169732,100.3224617142526
47.34717707805657,23.131147836965816,118.8397861737016,119.85536701058429
17.320186991001517,43.413625270419026,144.60371444428546,145.17954721665706
43.385164923797305,36.3584534883154,140.70937913970818,144.25201044631416
39.85047343973734,37.13532605999905,141.60792821319575,144.0188259667162
61.585009805221645,21.27466672240377,139.32831005246553,123.33453920608743
63.50936508676438,17.296749627348145,121.95737627749088,116.36737099683087
4.530400977204452,18.551938149230136,86.41427360677089,89.113615348662
37.46126146264712,49.38247818680289,174.4651311500367,167.25310114785094
62.58599157142364,2.005459570624124,81.96572002939998,85.38696745317833
50.31362585800877,43.35157480612243,173.5912089171157,161.70295836428954
85.64898411883223,28.93377042861967,154.3884548386364,150.76041606655343
65.8693631618945,21.930770959479524,125.72320205986402,126.80554869074481
16.29344270814297,36.262883020756824,135.1496566536879,130.39184116857837
7.056874740042984,24.333447071235145,86.48656999180679,101.92565699447371
64.24192782063156,43.67116190408303,158.1956130293838,169.36840181480784
2.6511310541621813,45.035093200562926,129.4565018642164,141.01381606533914
58.57755812734633,21.08604634367277,122.89030269865576,121.4406923099239
94.02302414249576,13.841389861752578,142.01944178960397,124.86806763443573
57.5474177875879,29.61751642966811,160.3217432150565,137.94588128620734
38.816992620652194,45.61816728083455,167.02534188640277,160.42528822606383
64.32882184423532,10.533109450283328,108.23907457212889,103.28366865005837
45.825289049151664,31.148329178174137,117.1987255393967,135.0861508727944
54.56167893159349,31.578011004626028,135.0101234777086,140.35165205120558
94.14648087765252,36.65565112076405,162.50670516127195,170.45731421626795
38.610263780077425,6.57838425636299,76.25342442025352,82.41521707411965
96.11905638239142,35.79124823410443,167.96058647355667,169.72764336643436
90.53506419560637,45.45162603328205,181.449878387396,186.18792130873322
19.57911347892964,8.984155443512098,57.964869522731135,77.6136536726039
6.9361300875165455,11.877166246193882,84.70150009732137,77.0076266813028
10.077800137742663,48.56975470208198,141.45097921563723,151.81461808010522
1.8221825651549728,9.048847635474488,71.40125519463795,68.78327729791518
9.44429607559284,42.71925466847895,160.90148407225405,139.82002195182457
68.30067734163569,24.613892822401738,124.1842783997571,133.38659611295625
7.118864846022898,12.361553720158852,52.979664635865866,78.06644618672091
31.89756302937613,43.53749506362557,150.1637294231381,152.78192549788974
84.48753109694546,22.26526275013327,147.783887398725,136.86706337370867
2.3271935735825866,25.74086769648451,122.22880672196624,102.34781506955238
81.44684825889358,17.961668469988286,114.3512651248992,126.7448210732027
28.18547747733999,29.64754257174637,128.35481611452795,123.19088027535102
11.816482762165624,8.176193629251138,67.60752407178455,72.08459847683977
69.67371653641507,19.55407683258803,122.88552839034224,123.98227350041479
62.8942846779884,48.470616116764376,204.8318080426933,178.26597386883722
87.74720135270529,12.906671635056377,104.65724066251389,119.83625072072135
73.50710438038858,32.83683322706461,154.96461525926924,152.4228342514545
80.34809303848486,16.259503211234744,127.36998465936624,122.79367833528848
28.203457257130648,38.67365628433003,152.30690444661883,141.21199597981658
17.743954377972283,6.543683035917491,72.93917479553008,71.81762210726818
75.06147516408583,48.49105225392723,187.5933474849384,184.4458572507202
80.6834739267264,22.68947706918196,131.80420542750923,135.7942207069765
99.05051420006733,11.802523167323198,125.82157284713114,123.3360916279609
41.26176769114265,3.6748373665006326,74.54863582359849,77.95889782742361
37.201808579278314,8.487895254377037,91.79241369695374,85.51508507201139
77.64129607419969,25.988697427800883,137.10193953226525,140.8430061510823
34.08035402530179,16.850158821564314,104.5114985948014,100.62741660292173
93.07573256035649,41.44416829413047,179.13357473158942,179.47277149224897
85.84127518430118,21.544376183090296,147.26989246605285,136.11154741455903
42.89940273750184,12.435713629381496,95.80719139162905,96.2679359681029
75.08710677914974,30.8572493302015,131.52772736790905,149.26968861458334
75.45428740846823,35.33886084427229,171.02408039991863,158.39822521431466
10.31238688359326,8.352095395047494,62.80306122326542,71.67670926618747
90.25529066795669,8.380960814415882,105.35190357632192,112.07046381746683
50.525237244785714,1.8335713466771488,72.97314837531223,78.95855779450645
82.64574661077417,36.82010075328203,178.7074557436593,164.98264776462804
32.00496010306117,33.190226381090255,111.02619067392412,132.1876419413519
89.55232284962005,23.731543787490693,173.61673433639135,142.3485991735736
38.92016787341631,42.20852244845986,164.4376969242884,153.67323637741524
1.083765148029836,40.28350764750266,133.34128701031185,130.74096539774249
90.53819764192636,29.267718219837608,153.25559525447554,153.89373633907462
9.128667678613356,43.41356402566293,144.24700263920911,141.0462955505161
31.93136375904149,10.292060501838412,91.76102716699096,86.45611731578231
95.0061967050805,5.595980969886394,115.1472161518136,108.91002936568515
95.0607146937556,13.487480575849482,130.06136315861124,124.68540387262583
57.34378881232861,2.854342804465743,85.2763868276483,84.43593839035967
63.183721216979926,26.5584764000516,132.7354292055199,134.68528444915728
44.84455219783198,46.830284614748074,164.570112491877,165.88540420699002
29.321077169806458,1.9671770334254823,66.64580984822737,68.52636073673378
32.8664545369916,6.10549570050134,89.98191963816913,78.57343729277014
67.25184560770384,22.609951414171764,134.78139285500407,128.85843405733698
75.237452943768,46.69375087639524,151.6023418780317,180.94804765942655
79.15790437258485,15.807805248837523,127.75357044926508,121.29176935305328
78.96181427945538,25.361740434419623,142.15174995575467,140.2581666534281
9.120610304869036,2.078642952519605,58.53050349301475,58.556408171859516
49.442030470258146,7.417160048104443,85.6701508004491,89.55433245888437
5.755876001664428,49.33150614794234,162.78207749657705,151.15405097782087
54.95288823237355,48.25593482180228,183.4635783810199,173.83064007232565
44.1530501373377,0.2469990467204807,64.84174648387372,72.5773129697509
88.77041827582998,47.590589271161946,193.63691055148425,189.5659519757265
35.09150125520787,31.95599689077502,121.74117706374112,131.28202907282815
11.706701642760589,43.39591472600111,128.8489986254932,142.3118535234766
14.299168205283586,22.736992781692955,96.35639742012803,102.39404186746623
76.15106317174723,25.77980142896251,148.25906916762625,139.67422923531447
61.82180633162611,24.44232901284601,139.32681164526593,129.77524010467016
10.112267612279023,33.34321287730522,126.87341376172289,121.44671292081415
8.410680611499743,6.982562737815645,75.42142364986113,67.98421227738308
70.096913145912,1.4986794936338976,93.20759843137338,88.16538913572533
7.276300636419353,15.396497079559545,78.01632852509924,84.2022576662545
82.18600592903562,35.23403813683233,165.88030468492187,161.58561589043723
70.62422271564962,10.09267260614742,113.50155182239648,105.58117587367515
8.134878064189976,33.67162166624587,128.95359566272248,121.10435280050594
8.483771408519193,48.49560230536352,163.12222402973308,150.86235706838536
98.66395785011754,4.69503578947092,115.80508897601123,108.95771726601369
37.427079575612034,33.630105911256315,139.48823368573446,135.8012381879912
37.06421470668909,22.18751096522856,123.60863166696592,112.7839021103121
81.27995672575025,43.40711271887527,177.18899120813506,177.438221084077
94.72485773838586,8.857489472369295,106.25866130165434,115.27657340564299
98.6001063822871,34.63129761130823,166.93197877432237,168.6647497157408
75.33781852589416,41.90576448240551,164.0314117796936,171.44403131587046
37.62595855309158,47.23071097370117,156.5226184742043,163.04224613558767
8.350071669866876,34.16240141448229,121.05465195674284,122.19230589767456
77.71469159274368,24.858738200421364,130.65062298721497,138.62515078708418
55.840424973580504,30.892362010060697,136.6253212105212,139.62861319725556
42.42220092469763,43.44524922393591,139.16545224068275,157.9081769416948
90.6354385094736,28.530487331941483,154.51163099234915,152.47162071183635
11.119748230615134,1.519352984841843,58.61063483861349,58.44900720689213
49.262510429085914,46.54743477534889,159.55523845455883,167.5500976414287
1.1353644767419069,34.476337551578055,126.11281402585112,119.17851338688756
46.86606419941263,33.82566928886233,150.46007205369656,140.95404736278874
5.630327568183735,10.783757619885858,58.30708038017383,74.16681886450576
11.881791626807193,32.94427351163286,114.20219505100718,121.54344483348771
11.752624677710488,19.693220282707923,87.5713294063981,95.03515841348538
64.92103021160635,32.561648852074605,138.18478179886375,147.54148376260918
74.60448792654233,5.3296515153995365,106.25629541338772,98.0846289481215
58.33687650971597,32.8922652301518,143.01470732743357,144.87913081146036
96.2172548474542,49.97068628853333,195.40485158768763,198.07294081180297
37.48705795237041,2.4106019430278014,53.52610921817327,73.53148013622749
28.57120862818607,48.858709211065865,168.357203038317,161.72231205242184
86.85991281894603,20.345398036143532,121.72816853322536,134.232894740932
22.359583851945263,43.537672516862955,148.85446326236183,147.9697776691664
96.32225394406112,39.11927420291367,179.17344475743982,176.47140493255554
1.215447468981634,28.35081304933339,120.91593579154411,106.99514162973267
96.98788267076392,36.92246046256633,159.25065826932348,172.42340848309516
4.315991195057611,43.9257780650674,109.81443016945532,139.6401495677503
89.11431136980711,20.20701608255165,136.8096832975438,135.0942307648271
52.77011090862999,16.351658078161936,127.0934834257474,109.06277570661129
99.29647961193004,33.379669278179236,178.79704189171784,166.51842868879788
7.379656473539886,40.39229709706293,136.57101658364206,134.1347275557487
55.38542844013208,38.11425673883079,149.00486584140714,153.8106773130415
96.9302535619099,39.89068244293173,186.3177176331915,178.31756066567888
52.30978441701488,21.77916574064665,109.97776169275606,119.66136488264533
62.93986381352625,40.89171080875108,168.01693121782745,163.1649015157713
69.57486889846172,6.010452768530422,101.86304157795796,96.90544588786068
45.454106476777326,27.224454898042477,137.7780621094624,127.06858650488402
62.75580800840635,0.2879330249060785,109.55037044312613,82.04524359401705
58.43143119231002,16.229291495013516,115.5984582579697,111.67507444952531
90.11580104909888,18.323076743569892,126.61441775461422,131.84005290020485
4.5446380341457875,19.80863458046277,91.63384505607848,91.62859696352166
28.096318959223034,34.773360334493105,115.90412109970654,133.37471001325477
95.04114840765588,19.427905063517287,129.42925301997192,136.52993408399036
89.02637838909163,22.43468113112653,135.28972707566783,139.49527580961922
45.56567527857129,11.877206543716373,91.29636674737246,96.4987080642783
62.013259780153675,18.662589581467003,119.85535777334806,118.3380923792855
27.738118298113267,11.363481363157574,78.37182255154977,86.47843678855551
18.81211597237613,3.659796188422182,77.93595703627714,66.60164103832918
46.36984049399822,30.172429669068897,133.53185023431888,133.41345646332766
35.33522280260528,33.410639927750815,134.395888045418,134.30781181033416
58.3656111850872,30.974517300480723,137.85289302837586,141.0666710589445
7.773463696498483,23.17470219002862,101.78804306689626,99.97488944842047
97.43948076661664,18.989289008961492,144.94930104790765,136.8647620589516
98.62107444796028,43.16668247859126,176.97260002405366,185.70810019604576
69.81617140197451,25.954089256810903,130.2350993238565,136.82568324909914
53.60963663441204,23.95909388148655,121.68574579241248,124.6673723224025
30.952761628632775,1.2821032903217844,54.58187816022781,67.98254914173708
81.37950197069486,17.06239138130782,116.6219551507481,124.91629003675918
68.47311725538793,19.009780939292853,117.49391177083308,122.29032809507942
16.26169393448913,19.941139044845023,106.75701686406188,97.8049972680321
91.09271844938424,29.008618461366613,156.18920943744462,153.65648044955597
82.2537242923169,26.68012733634392,146.42301593252174,144.55004382274973
94.9799913291924,30.39525463967223,166.78948456562037,158.38494981540924
72.571950838836,38.244163077106414,161.40058368963687,162.7415779421063
61.34151959357899,40.649286935804675,165.87398216768776,161.8746692519062
41.82430362906189,35.90615381132472,141.69224190785542,142.56187338702333
93.27284833540132,47.77618479774674,194.8424172571904,192.2080719312189
86.60638895004084,0.9116291338180816,89.29886616654076,95.32395621965597
4.521867010618941,9.788899284177305,47.45056049089979,71.62224414671265
2.6366974497252005,0.378143748907106,50.73184460081377,51.891444166667725
37.64633668780496,32.37373570773015,147.7981211203622,133.40471986350502
81.0553330781833,44.90152744749935,189.59287545650628,180.30706095110733
98.72761293149443,12.174114828814965,133.36601096928885,123.91469693743933
15.041689110352818,46.35172723981533,162.58560625286924,149.89302745804713
59.41307153521351,3.0133695144780424,86.61985070617722,85.79736528439597
38.08908566310215,46.72180134027572,164.46130258615847,162.2603688447751
96.99143978146031,17.58113436198172,127.4814696603501,133.82865731213826
84.21189231357087,5.071041422460826,99.08730044143658,102.41609134499602
83.83287047111378,24.29358795931628,146.66132265190086,140.58436694715988
46.86931597949703,12.838828386025398,111.15115913348748,99.07543824729234
41.48195023376652,14.243645098096142,97.83380255626555,99.16055743518686
27.340707193070624,15.364498246314328,89.89745744064986,94.26213975822034
5.6375496650927115,40.15129489163317,133.12664420437866,132.77479515713372
86.47223762550531,26.95806383376273,153.16431396956926,147.23318103014995
81.29010091300776,15.565384957800182,107.33727221076884,121.88383338153278
99.97176732861304,30.51668916554592,138.057452464026,161.1459387808211
99.66368370739052,35.80753371115968,165.94154078109878,171.54862610656073
55.543170560262745,13.631200036676688,92.82686109434316,105.03315146655709
76.89874151805105,20.677455076267577,124.72287893508758,129.86950191255943
94.4765729882428,6.0943046668473775,107.94909263964144,109.63723024982698
84.96473906774115,9.057467476734017,106.06482039710848,110.75105403172881
24.734810174319765,34.05589269824914,145.0038658283656,130.24687922793174
45.05441353100935,9.071917384781347,93.93848918109056,90.64265544490421
12.915941515149498,26.258169183353008,111.97905272038903,108.72279499769176
95.40510272587224,35.452313086121634,174.8292489756134,168.69104809434015
60.617463445088006,5.343846154737192,79.6080928542107,91.05563384683559
22.864280550346272,28.365610981445176,128.55448011226616,117.94785034846785
67.17006844058567,12.828139185068189,108.48366972507462,109.2970958994241
61.81282404578958,48.14634376187899,183.90390571906488,177.07320884685493
35.81627180328405,24.177282335996235,105.54412824323296,116.12492194748201
11.355759219962902,40.299627488757906,120.73954692733663,135.95599129156875
67.15731955927996,27.511327107813088,146.78021057551643,138.59167060573185
52.03077009037933,2.170626642740958,84.12073359164674,80.39080251845422
77.23183917356393,31.657568779701116,142.91054160260907,151.94891503455352
52.01635011119934,47.570167110332854,162.45187846351843,170.9804920629631
85.21815003185401,30.08059100731656,164.02460487470782,152.8315691450715
55.19068387744856,40.95944297133951,147.62010895273005,159.3901224975719
56.093797153538624,44.21032316742039,182.89427444416975,166.33308684559051
87.66536026583451,11.403988597446624,107.63444998133184,116.79628058325514
40.3482866212397,10.602241995411331,97.76254655752636,91.32195891379419
13.401522845064074,30.549049442549585,114.51267555014137,117.53045870552081
2.8782676313338973,20.551423490335235,98.57385510716084,92.27008073850521
75.5137255673619,41.99306514333602,166.30185304921108,171.7069999916393
62.03095513534647,45.00115616990056,169.38986084675142,170.90689648171335
70.40797680992236,17.671068965135905,120.9553180891902,120.5951206258888
21.296416150891073,11.843527948724104,74.31338941507902,84.1861546421797
13.637147558676975,39.026275762193094,142.27936875792594,134.56605859812825
1.4544665667881929,13.740301777406804,73.07570117349186,77.95976402887698
35.058755880659696,41.13071592568392,147.50481063829753,149.5740998554868
58.991768685463306,21.18691268243814,111.9262159615228,121.8509708492549
39.22440450997323,33.37749496457352,110.74385559618057,136.20400278262508
43.747492202372904,4.776765691733409,79.51699985865159,81.41205092484488
90.41586944937484,31.19296623382865,181.72002140847383,157.67393913722094
34.82554670233004,22.588383936861455,120.43558410386817,112.45431656678676
51.39894891598108,29.330423158773705,134.16771697819402,134.27068905148627
78.3653012741143,8.400710387243171,103.35516311946084,106.11063809184503
39.65427823212701,36.843687247209104,143.7391725386022,143.33785404867223
62.20867002278735,43.13985387716143,172.8552339174686,167.28224646623968
86.23637087467452,10.836990004538782,102.98403729332638,114.94379387650953
94.9520623657642,4.785727776008086,118.190703681587,107.26581603810222
14.707348092903793,1.1819293023168198,66.87134580549798,59.585828626384675
92.65876251614944,32.0985750221633,167.70838855948068,160.61280364015036
49.21162930795382,30.35470180443904,139.69997565095227,135.21104794710706
25.824438829895836,27.334870635703503,117.77812726329483,117.3845418532526
45.913575623826134,11.597354805798773,102.8801097831788,96.11578776652681
98.0032575285477,19.545299795275735,144.0103696922391,138.25876864617678
49.26180939928696,29.72381675930865,130.53813110885054,133.97740548121772
32.875161028750824,24.83834294295847,110.37824867132336,115.96012740120678
63.34008543167258,49.38927601074437,181.4671576899449,180.32413797077217
24.014561877819308,6.8219876278366565,91.14145770953483,75.53690262239485
7.586332810866391,34.75722770237969,110.91655105365356,122.99395673411962
12.887972191064922,20.215938405214608,82.20061024843727,96.65112077693468
12.804583895777244,21.409980746280738,100.86986185281526,98.99181509919279
15.190269351229436,35.87988828290881,129.8637882599925,129.07093739263712
13.882717264941014,34.62180756621848,127.91839040861154,125.90063573882304
64.08747448032146,49.56279968510942,183.60886858946455,181.0475169247397
18.188008439914483,6.419714472706262,69.70141061902171,71.79428969036897
34.56672833238632,5.205482469208317,92.59296349063062,77.63531119066775
89.67884099060119,36.216940856437056,151.26426242340955,167.32764543398827
47.39616402628724,28.919345850320457,123.25180346598206,131.43071133277346
66.75577385210272,13.708033327990291,109.76140598054148,110.843929647045
17.231987120162984,3.9709684494493303,50.126042347438485,66.4253272532339
19.22890188086708,4.282912479821527,66.42173185575588,68.05539388618831
4.086861626647886,44.70954373320591,158.07721993701597,141.08858155784267
16.893506307216455,9.593366235937143,77.84235050844214,77.47430774044915
27.85903390319586,16.16857810577604,98.57368222033683,96.12824773587454
17.70104842767468,11.3328201113494,68.91451678481035,81.35292663828415
8.87025337570556,17.749815291596864,83.77114319065173,89.70266527826004
12.06358711006008,3.4711921373046684,59.22221402640001,62.820221300922974
46.077876803272574,25.95298954541352,121.767766524901,124.84604708523655
20.63337184057925,3.380628179610745,79.8943802295488,66.96348437899194
36.42698610480755,40.01782539111808,153.8260544418912,148.04363029016395
50.34172708548569,11.68560409552165,87.42749216441582,98.52617046835212
69.03948286293652,27.00059573022553,140.98598067623936,138.52214969101573
3.9312139841098936,44.00395437807291,144.95573323316864,139.60201019525647
79.94103989090426,32.54386845235971,166.45974723538424,155.08452839443157
62.79003894909078,26.64788932756677,150.49620499536263,134.66507512762183
8.17590319488719,16.21668765576878,76.37038499070246,86.29289266201367
87.35786241067773,16.650095652909897,118.87054739905528,127.10998765221208
92.08724005318132,33.474347759909506,150.4165369572635,163.06985574780145
6.107795985486375,49.706968061058376,150.12763552379013,152.0808687279602
27.687764814720374,33.09195949246893,134.6913851367614,129.8132529092204
80.62012797930613,27.88917086850125,155.96175089254655,146.1384976695697
74.82596903836584,36.532525511962305,159.7185253066823,160.4632148573334
18.45210193563773,23.26028061418591,102.54813696364224,105.53370048160343
20.93493233367103,3.0071171300392607,67.99928034940143,66.37028109376527
37.0472102791382,28.11484079389549,116.40185771105983,124.60359391669064
48.45229851910213,47.88126422526901,190.8840649270368,169.80301627489254
61.825477153029595,8.765147117882982,82.36642254110018,98.49252220225294
36.89136395697725,34.50024454103329,139.29357684951245,137.2673399011615
46.25347161331479,10.046684432952825,113.45616686485944,93.19284910183192
74.74709381337566,26.791384223654063,141.02431379959594,140.98450172654623
3.66832028905979,4.8338224823359806,59.60141475918691,61.30348295308319
25.243694434402077,22.518546812909257,104.08448661491528,107.48031458901727
71.33495858845524,37.80816644476231,159.47989536612815,161.24738640807968
89.52068376871993,17.378576211949103,143.24597905502347,129.65498311688478
51.167744211566614,33.2455862243609,119.95642544121004,141.96692803685255
53.211348526531566,39.77249803948646,171.48500735520196,156.02281940754244
10.717201133977603,46.358890973972635,133.8368109904326,147.72535068829262
44.741236682345466,11.732104092772676,93.16830323437392,95.79316875323505
53.261726645502314,19.965795790465407,112.27001070069537,116.52301186421295
24.247050363472965,7.620800666520871,83.25065921248542,77.24827729693942
26.924323094938096,49.62417510791876,146.72926824446907,162.41888016993917
37.728416310462265,46.35004839621477,166.1860316084801,161.3365379215549
2.007119777772637,26.99785651402798,125.2423691498108,104.69469959951807
32.20791655831783,42.10166471882106,136.67554767087296,150.0732496261343
21.144800699654464,26.04789886360211,114.56525975313542,112.45516019733844
32.74973521779147,31.179284400137984,122.1136146312056,128.55049578308092
11.976213181925122,4.456221605800831,69.15942186449459,64.74180938998619
89.0527280739895,37.763521024840394,170.24488386083306,170.09800771105768
59.359245355404866,6.3856741817617415,86.03610195078284,92.4998027061398
67.91023191444896,41.303381512626416,171.44060183118805,166.49426911348152
78.91712386073382,39.101404383519295,185.70485179527296,167.6537774296561
49.84421989290573,35.43723488714882,143.88754180347752,145.672668203508
8.69202880874237,1.8080190262381055,65.15963187832921,57.80011917717752
53.71065418185478,15.15641779726643,94.23543310674862,107.15217867639696
58.68411180208791,13.155628495542144,96.08894912394815,105.66892522222201
74.54394741843299,18.006820373575955,128.00967723517218,123.35198234426767
43.16595462296794,4.382137338191927,95.18841227322748,80.33112930596221
12.758030279556376,46.84789115155314,153.63093093074107,149.73089890423176
28.377590579872447,27.690112035618817,116.4384390559423,119.38166652174465
36.30822963986351,15.276215532901178,98.69945993996764,98.61063851048843
64.59172413316013,19.849075853714172,109.48993643431125,122.00677792557302
57.077830466891186,22.360127025241784,129.30432254748283,123.22647595108285
35.60967258978462,30.029716668030865,136.68760025418814,127.69949386388616
98.65152487929797,25.783971384824888,146.37280188096796,151.03542876797633
60.57748193568872,45.96959866072087,167.5275168116911,172.1061026651919
23.72267917359945,24.848174145291512,114.21647017390325,111.3617513966333
10.178247262040374,49.60790074116563,149.9377277529455,153.936970206779
15.285913918433202,42.571247887254785,142.12412658746794,142.4721257458268
24.595772838450813,10.42552571786679,104.14615574662416,83.02119307042288
16.06813732595557,46.52976073219581,148.62333311990943,150.76620862483702
18.656702405130577,5.818319894273804,67.38158947090068,70.83066306977864
28.50951686938471,40.87248542455958,139.52431122745992,145.75429127802676
17.33735952947548,19.031164673829004,104.17292882739513,96.53183966372328
89.67654246264252,43.898716022253474,180.82346154364717,182.65583728351646
8.023374566164222,43.40283450537252,134.3236259106129,140.46719536255176
52.451138957025464,40.296270005881055,170.03114981300496,156.68445867531247
41.03968269896615,39.50152181535307,163.7189150253256,149.34071315158639
98.23786169086064,15.23395695490204,123.58260909784735,129.77364911352853
11.203890216805236,4.045964152562609,45.02847389992168,63.533436093685246
39.78555990457416,20.14900893825807,120.26593472717244,110.08906072950535
96.94704332753687,8.676225749325434,108.97967490481928,116.03608336059979
86.55071258939803,34.747554445123086,170.67672117657287,162.8170794644497
81.707207094928,17.304986326889278,105.76253802412418,125.5657474681613
25.790282704493983,48.78051004299574,169.3821348212316,160.16311227982996
17.088758739006582,32.0486038672666,110.52986781122868,122.38333079630212
66.8643219924431,41.124028181718046,172.98785855032287,165.6086345077648
92.93759891275856,6.6262336370924215,109.86399740892848,109.92221222642043
55.67628930139298,43.10072411363113,154.5001986839923,163.90816999525157
57.161268946989985,46.13785952566972,166.78599039556664,170.71818401714918
27.997909366028416,24.35309594094679,119.5683311344748,112.5309177810422
76.94929331919369,30.312646887548873,150.15888496584694,149.12249684537633
18.704374855752334,38.24049004514977,141.67729732290056,135.55471581793992
32.367923640424365,8.741931363020628,103.43223039140828,83.5830316371967
42.54364386164168,25.12830382317212,105.88601346005456,121.41710740773301
50.7610378684455,19.933151388615656,131.4189474611403,115.19611583537596
24.240973241508023,7.318699608112455,77.80144521221105,76.64235382828535
11.483682473920354,18.376721114576572,83.50744298288204,92.27232302162682
61.06200424416326,3.4086154692746784,74.0450968032411,87.41808638830776
28.863055324025577,1.2905953474743492,65.12151444919115,66.94510903660948
58.123822142261226,6.758314457741138,101.79504110585748,92.6200766697043
15.436271527420232,48.15575557945869,152.75415571885216,153.69214402529616
48.114010185481746,27.476476794750848,144.12150798471603,128.91359467592596
53.258943255158584,48.291108057661,158.6999308423857,173.04612967267929
5.182353682242691,21.6248939165066,95.720075195674,95.57479686376907
33.660427819392055,15.59080665426298,85.4878927740908,97.90244000663579
13.441467693897424,25.307093142012206,110.9712389572228,107.09003758488706
6.337497047276774,21.975584431645505,105.9887912879024,96.85745810221681
98.99602323899452,5.283234213087196,105.85686210886112,110.29904307457576
32.235384497472296,32.04131573451031,104.1581851514854,130.0111989145986
80.98744458546349,10.80190912547998,114.08702201165666,112.22537949716792
25.464065476376383,30.97939774489148,129.05821374530623,124.47554018517445
68.15027222239293,32.51005461990767,153.13819290062875,149.0678778319997
76.02278598896865,7.601242656432405,115.57170022557068,103.33331758456691
59.56387406078443,3.067481355533408,75.20636294496855,85.981437289746
47.15761885501584,39.03807930342199,158.4571290888564,151.50276950576605
41.18409141472685,22.99002118846601,128.49716320907518,116.46408310952444
34.88682665429953,2.9081897752737893,55.473917037632184,73.21246264383129
92.9529144247826,49.74331585848836,199.15960718855777,195.97215002413918
83.06194077877291,2.889028049818332,92.2672281789464,97.48155691465553
96.50269106665124,34.75176144292766,166.9396416881645,167.84686499484457
12.429722348554472,49.18394626317068,158.05951853600197,154.2269574619661
73.08674752036443,11.95900521079628,105.58909854063926,110.54802876434687
93.83404568210378,7.112468434359808,104.38487891815538,111.34483012104411
18.123306616566015,6.069246971121444,71.54167142540615,71.06226886225869
6.6496267366777495,15.163757378379778,72.7798687364704,83.42161856248819
74.11206492900591,5.052290550532335,86.30236227671577,97.28268387282506
57.44731131799119,34.6080670847066,154.73352265797382,147.85425508810687
84.1828776758272,3.1145899065031344,86.83267829933331,98.49725861609676
13.97723766262895,25.471106407489486,114.59395665538555,107.68766311244286
79.52673118598902,49.83484269264884,194.05896390683176,189.38045421960416
20.162732004774455,40.69851347530094,124.22032566508317,141.1956513422054
16.36559428657045,30.760971911550545,112.92909444302975,119.44891802367161
16.426579793099293,15.312681039330585,100.77974600568452,88.65188197245382
81.45747202313821,31.19479181458192,143.30666432933614,153.15751515952667
66.51972206962002,26.35207319558258,131.3199648028813,135.95661622862266
52.30654247691193,21.304169194518575,123.38221856001208,118.711850682375
35.88304841235025,6.535518837009974,88.84646697302104,80.95362780163065
87.72005408131082,44.330210762023334,180.00505970425712,182.52973606804758
39.244510742263536,22.489232441066125,108.62561830634762,114.48609636895024
81.65994394715771,9.731125591038252,124.51592177264044,110.4278971122535
43.91349085702184,18.38796754386448,126.12167715421566,108.6576151138612
37.69444294249076,20.70648762644635,120.04877723195602,110.14643807173185
46.26797856696064,41.37689477834371,156.740960265818,155.72110951880416
30.13778741641421,36.6807190280701,130.34767454793803,138.21098339943623
74.76093801762511,38.46524468206699,156.00651430738083,164.28723668281296
50.27203900924791,0.5515632214323607,81.46428700014626,76.27249474494838
23.22126951468173,20.807699908988077,107.41001678420383,103.04579857078306
89.95745732745685,24.06720758176618,157.1291297567251,143.22284787656855
38.38912213732114,0.9596138411528344,77.61828967632763,71.09111094955784
54.35528611139886,12.99066043725171,88.12816091260467,103.15556254056446
90.6472110964547,38.01449115610675,181.87206403767004,171.40334623064865
62.42379959139921,6.8554852864499525,84.94226409545539,94.98359099403763
11.689804070836407,26.765506572629583,105.53620246115383,109.11654877179559
93.98321236134753,10.760093600861875,121.01379544491446,118.69910531836813
62.770805307141785,0.6060387321946636,102.55415501579986,82.68760589116155
33.49056146570861,12.060072879977074,121.96461205286204,90.77098293200146
13.927207266338726,48.79368774550269,160.61820971553658,154.2037518306588
79.4025189270296,40.07685559414948,168.02300446460987,169.84524911983027
62.00727559285135,47.97883221605167,182.3063587133345,176.83704436846187
53.34610919763215,24.392702196318123,134.33501325019068,125.39969262461672
89.38925830509577,5.4868099338751755,102.46157276472633,105.85807958637812
78.85972112245308,27.397974448684646,162.17792301771908,144.27005718032777
15.16748797327512,22.718866727998044,105.32218503454769,102.79599162348329
31.172206779554823,42.2178541369808,154.99924255465297,149.78253138743432
24.848913981446575,4.904129039212229,78.89195758969235,72.1307059935175
74.3946292572677,24.41205685108891,140.2372944369562,136.0585993575773
3.353243473577938,7.502433234699213,75.07089321088353,66.46984819581778
56.98896848713165,16.233796344503,104.78954506710258,110.95625221133781
76.24586857406905,36.86785386938998,156.2756244863542,161.84880607725842
87.67656367617495,23.800906468438328,130.43855244524718,141.54057891876005
34.20817487159075,18.794414257288462,109.08792825657456,104.57176532664533
82.12573046720128,19.72381392850177,138.2998581257253,130.60380521199795
11.063173695520724,22.97233842029933,106.05399234987787,101.23092550793453
84.64522917345182,39.25082719185284,187.569193303907,170.84214215643402
12.748866233198244,44.60423444701172,145.52694182233208,145.24895027010774
39.72872905603673,47.76673432519642,172.08524973433632,165.17288461121086
79.72953657795536,39.34516931276475,157.63809815311404,168.55013465708464
14.991742734877375,15.770344787400637,85.16556391749594,88.84120771108081
22.92513952326415,34.40673530432711,137.23141794594406,130.03391145189818
72.22525683930662,21.8801562027696,138.36396193262394,129.9114870000029
72.00365365460743,12.73353110230256,108.529219555267,111.5471443936764
64.11476328852973,42.04357897129613,165.42854706827646,166.0563194440636
69.39484444671,1.9213174481162496,73.3613196527794,88.65454629568774
54.27244433475962,45.08809960677117,163.74212937285606,167.16574648506082
25.179905890695274,23.073873231236707,117.64153104301892,108.5563098750033
34.56959935039195,31.86007384041402,136.75699751708967,130.8272781407765
18.159771680142565,32.96769611028913,130.02193527446164,124.75781598951691
90.84505613336285,44.75588703532682,185.43203900914463,184.95595084996623
58.339179476612046,31.833484108360366,142.90718954130853,142.76744417787464
40.08514167636399,30.69667923800309,124.8327179194537,131.28860141061472
46.20058036441327,3.332602028034498,86.75377844030098,79.76788800805267
94.72833396118152,25.920401097260203,153.4146986190051,149.32818772190075
15.33514031160802,7.508450040852083,77.60465871743617,72.52746497403531
58.62298320167972,36.87168843607428,147.7945200463126,152.96461967375
50.5888678884466,25.61109604063373,104.98319682677833,126.43985689100309
61.14542354346478,34.01138896041766,159.56701681010466,148.52948214703093
1.8110183820840509,2.0836450301192135,50.28442469119641,54.87824766524892
87.21239089441515,4.239600802290161,93.4576394113567,102.27084921582204
93.21182824836124,35.81616940313411,175.1730420495888,168.31049788631032
56.51331835892089,3.604216799933668,81.54496638013649,85.51332415286046
69.66508238768922,3.56283638826293,102.55757781083668,92.0666280457718
92.24993811772956,0.6054237617443725,103.50587607812052,97.56042919229952
70.72386343133986,47.82506991497401,187.84776477762273,180.9282633856536
15.253904291426135,36.875417972950345,117.7182309796084,131.08967251666496
57.62883601668132,17.66257042510321,126.25899871241108,114.13029241591057
60.67150463828559,14.82677906438276,112.60181576024688,110.0065494371588
42.4130671302386,17.485161487292476,102.48408514724224,106.09896541944504
73.64442356247228,38.732676559059094,165.72144957277683,164.25755907086466
93.43670147690148,33.068530553520716,145.09305951650896,162.94091497356612
92.55685129067764,9.259778393373397,118.88451054689232,114.98546659420542
45.08393714041321,8.705466766704218,79.65918702179432,89.92628211328295
11.323804584075525,4.919782485669866,51.97476440494215,65.33768681524158
98.48411989623344,33.015135985066905,150.0487400560716,165.38109912860222
83.88980864459342,38.218633111086795,179.50905429436955,168.4011927511807
12.466268120326683,13.2523214162502,76.44514295573586,82.54211248708526
92.08418826173724,1.0472480515456406,113.4738673331249,98.3584797201963
86.98963620621282,4.108583373821367,96.35397022022616,101.89700408620423
51.88380571260721,48.39300174225152,155.6543267648772,172.55562125570896
59.127543574492925,14.772238873871013,97.94300513550188,109.1186877675718
39.90027038701302,38.46115739190668,159.23056617738928,146.6897117688682
5.476163882203133,31.23317844271319,113.64545704716129,114.89683596246948
33.519724164590095,19.096981982644795,99.47095308267863,104.82818769423615
80.28534485980114,10.284363109777756,112.31158090798397,110.83833869605533
0.4632023004602859,6.069320907970321,67.38807032784624,62.15179867609168
33.34991716911442,30.75064840194333,139.35024354746847,127.99796105626692
39.81686935909433,38.7316890318894,161.85680504225522,147.18748967038303
53.73956029379229,32.19521267705653,137.66251904311835,141.16849782451553
91.98556164127604,26.515106662457917,135.7625172847335,149.13105254948627
34.634599436596126,2.0975611715818134,67.37777045022894,71.46755002703209
34.69532018962277,48.42443887971919,166.79934292007863,163.9456987701929
73.75012481097484,39.93570958272873,157.10889230883876,166.71160213271858
45.221794088980715,14.641101835048238,92.3215915656364,101.8406845918696
22.460482293998197,48.99851646794253,162.665152898383,158.91806379213563
45.24395161326934,30.094079481816102,132.32361125456237,132.68902414173425
14.085702037979985,29.121132910362324,115.61308679383052,115.02619345566073
17.63869865062233,37.4036589714766,126.04171392126368,133.3470794566283
49.83677727394797,40.58848940450688,153.79136030393005,155.94848894629007
41.89254495045479,32.823930366575134,127.35180176569465,136.44558032160228
91.48459010681,6.404787318310001,117.45385380127288,108.7471724088744
36.23938991166331,16.91337529972492,112.298938902519,101.84293561035466
58.05883502780434,46.404182016302485,153.3759029241262,171.70252109494123
63.22642879195304,11.230780592192597,94.7796669784376,104.11967929588359
1.3094456588333636,18.608351191875663,72.90613266226723,87.60101859739888
66.35373720167107,21.6038441472098,119.88431755118614,126.39754726088837
17.803596686975144,21.970249484722608,102.00791761502916,102.6321702403558
96.10703174694552,30.646979124726276,144.85102192594,159.45593990404723
14.866272775311296,47.15379188723538,142.5221220308733,151.40507759790364
41.462412372702374,12.034635591625248,84.7609036487867,94.7425147174727
8.534966807864386,6.075068815045903,68.49029432801343,66.2359746251329
99.68742518459472,9.873524492996866,120.2842049486536,119.80804313466002
50.21950103312426,44.34624501046348,156.58486500411652,163.64037875911944
59.53850173200438,32.2905406327603,146.11854085291677,144.28465489044035
6.7076477388427485,14.295339461958006,76.47770194746474,81.71792405967489
74.99604703991778,40.797346948430864,166.37616631356008,169.05968593826134
20.990559309558577,43.0684998181718,163.3668001941083,146.34276322135995
89.80542894407138,42.3257169345139,192.95875885896697,179.58187321341242
20.513964048200716,45.94632668197772,139.15382301877983,151.84513319960416
19.068772066366655,12.61205100866808,93.0558122293112,84.59579477363839
3.654966784809488,37.75209643731392,135.4456418119485,126.98674331114101
47.20669451099992,23.026974863707,108.17466409538775,119.57660266853979
56.48411332626164,42.09992764450307,170.6296883896856,162.318629847441
6.570863942835237,36.42453385808066,141.51381887170447,125.80877930057399
77.55276166950105,38.82237232498623,155.19567742227886,166.40855021444435
45.32888347480276,32.808091884053574,129.10559729536587,138.14781974130528
52.439026932758,8.871438473485343,104.1390050817847,93.96858552169768
44.07627469382282,27.25134594484692,129.25578234486173,126.42704730754893
40.0763060875326,49.23348697622541,174.01988974861234,168.27523419746547
55.96403313082179,46.869403324855945,175.12671537912777,171.57393512321767
15.52402459307125,2.1586867898505835,65.98634508551824,61.9470590810645
18.19281304952711,8.240740786471857,62.31316681459644,75.43065945806998
86.17856210135173,6.586438672728096,116.73533546234654,106.43244626283496
94.61154621336328,36.29899549926478,181.5996640294889,169.9802450800227
37.330931627975296,40.889266492847256,148.1500913590019,150.23872946816326
27.074467314355378,10.675568315533596,84.45360079010626,84.77082016035057
64.39995432390158,25.29263464759145,117.47417143157644,132.77290140531554
40.87341710980964,42.03515140056,159.64955891620315,154.31280147830375
2.538635566034486,36.64007723831253,130.27004667678375,124.20439722218933
15.615259736619036,27.111860274592413,111.40944024750122,111.78835003390213
71.59722288473975,29.517384522938645,156.0769140869522,144.83506115313162
65.89239419101514,25.418027345813996,130.44147947733617,133.77615702130134
2.709599250348349,14.877422565941028,86.75570401599224,80.86223549241649
22.197216193294945,28.251099642950805,107.40416399562793,117.38276213524603
23.10747965880714,34.44426510250453,130.20674852567024,130.20080587347977
67.18927435987284,43.666145793040386,169.18338618698883,170.84551101813497
1.9710537754364157,31.814567698962403,116.86774150605244,114.28848076940072
10.410858198457383,38.0560768521579,127.62231351521092,131.0021169921003
79.99160853731894,8.00358174772865,104.68824180740008,106.13872166369178
17.85446620543336,23.077873720989498,113.34345225911072,104.86815447280944
65.27461078518748,0.4665809913546648,79.20282500292089,83.67263639038137
23.81827810467265,12.333943226081152,70.51125449711185,86.43723763833259
9.944139275934516,36.32308575565024,145.11408019132193,127.30836131803736
24.317219099945408,49.59049756746817,175.1541454718139,161.0362293871049
72.22669318556592,4.9589049793607956,83.10852960044836,96.14504152010753
85.56964681062857,20.074715793064417,139.83133304389506,133.0417161028125
83.02198645669915,40.00354843495798,166.4883423927521,171.5252069717868
39.71835296184548,10.201781731444942,92.8976120971232,90.204980613928
66.80851365706462,27.75424746511431,141.85499304889586,138.90043564856495
20.498429541582095,36.65356480148374,131.2122663705953,133.29314205048246
29.314773026101328,30.79927251300895,118.4182748832046,126.05901236774093
89.63358185211197,9.401236730770806,106.713853864435,113.79278280253651
1.3001923510736035,17.769228434286973,77.02663388929832,85.92183993119134
8.550853085446807,39.18958922426986,124.33638290895868,132.32560749912307
20.78862551460273,27.71132570660083,115.14518127000947,115.59489595469074
2.6532203873819715,0.2614806771456368,44.69197165687475,51.66697424571406
18.143543508979732,38.04953800140469,141.99136841442544,134.89068764414986
58.304156096969216,1.7655677470119535,97.5556750958678,82.74780027425729
42.1424550592498,37.286689136561606,139.84407338904768,145.47732511472873
89.26717110769748,10.12402800826187,117.27568657572628,115.05027059900637
81.7443561738441,47.90367400596901,191.6763772018894,186.64564359710974
34.1817351697876,18.397037565104224,108.604965424295,103.76544056676539
25.94234334312925,16.346580816903955,96.4238859845334,95.51637146080814
37.96924081672669,7.444402516622234,91.30024962520504,83.81996230633625
59.02949425148078,15.280210774510744,114.89765820156843,110.08289814955208
26.806364082287622,43.83253809141003,138.6916340006909,150.8018724681881
62.4148907849134,49.81671688136237,189.53243979907415,180.71029870417053
40.941165219124045,18.415476525342417,116.17444403291428,107.21278801047342
55.204718085198024,22.430531547727128,114.83056109626745,122.4218702117046
43.61265291353167,36.10354691013685,144.39279863151555,143.85811391378203
29.44657595419177,44.30978902325373,160.17615595171404,153.08640025264316
94.84533069621568,29.652216709339207,154.63396057099263,156.83423726862034
76.36057941597608,19.576284908891463,138.06264000343108,127.40052775936647
14.011317576645254,20.631092042431188,121.9065678193786,98.04637722174536
86.84679758979128,34.78090732484034,155.12535311822649,163.0330299821004
48.74311982495136,0.160913180213934,60.88294024136579,74.72149927273061
89.45522268940914,30.979466872992035,159.7247310467374,156.76318503983214
79.98552559473153,17.77465052206787,132.75768889276296,125.6342898676415
42.52135044692334,39.70986656385421,148.37174461272244,150.50406836924
2.24693083201174,4.649531991156608,74.95513603152943,60.2185432978027
26.867735938494608,29.410113347419525,108.86803666685388,122.05219652568518
54.16342146608669,24.04864449430619,132.10818595197182,125.12549366268382
63.347821982614725,32.11627629526137,139.84785537424116,145.85894031064714
25.788768543320227,3.2426797241484175,86.57352278202991,69.28941892778738
13.935607407282411,28.999189371406565,134.89133597813552,114.70711721340186
83.4930236799299,28.074229397976183,140.22840475808383,147.95734488998704
98.4402180703552,28.033004720808545,149.7905471177089,155.41686551069418
52.56901823026858,30.17438332982274,145.22915464457776,136.54522466628833
17.16792858483035,33.82339686131811,122.35945151715624,125.96496162517701
27.230732651936897,40.249449984038485,143.66015411472304,143.86576817258998
1.839067654746673,13.491036006410717,78.15549004561888,77.65639729886468
91.4298806560499,41.2524705090031,159.02314978405462,178.25979500227297
11.775108289014112,24.91278411317268,105.57474490991004,105.4623933130318
57.65164755142536,3.8529139567165585,79.63437394850405,86.58396894929152
27.4055220687206,2.92754646219896,64.6266257347605,69.47630776385971
55.417800251579344,16.71191593480304,125.56905203008388,111.11761103356798
65.14203883518643,39.24484885557338,148.4956481859474,160.9896431803517
82.97418037072016,35.384046737045786,170.3872355269314,162.28264814347583
20.64212717606032,39.43074823362032,136.39293075195272,138.90764945330852
1.0995828658480478,25.86345282208047,99.47909539212662,101.97303385403282
13.688563006880727,22.00994989777453,108.76790025950652,100.6351046580809
90.00186418481051,7.372626335314197,113.14669770872256,109.93041451896147
87.38900775625153,16.40963768046558,132.21990921125223,126.64585696776595
59.74131021703083,21.700968308693763,132.95443833123156,123.2549837433929
60.051686043365336,4.430021483980862,85.57280215781117,88.94658300657983
66.50366745462554,11.030597635560564,99.1906616533564,105.37377471022681
17.53712786234496,29.91126470318694,107.73958807196838,118.344397780506
91.44119459249598,36.783155711959495,161.03280342037743,169.34677107134118
41.87705248920731,49.91737556964748,200.2642216369859,170.54855498349474
38.31385282494975,46.65566656717788,174.9150553541985,162.24180269698508
51.89177052828376,32.12825997675958,126.69166155558082,140.10256597455776
4.696596677505505,21.0624026647036,81.24852410072425,94.20722400166109
16.628336875607943,31.808868235411637,126.75056552581216,121.67261543821066
73.80336164263704,39.2825809040116,170.93949060312138,165.43511374181998
8.279866792512646,5.916809546169366,71.46239084176871,65.79144687020974
60.31521094663882,20.495244484814418,118.59853650741124,121.13847240045772
24.534910968132095,41.99011428178086,144.9931414475988,145.9791382434969
38.929561404197656,19.1916475966522,111.1268711369968,107.74669582891687
28.869373677069987,28.593613561359327,122.48084402418696,121.43278231487662
35.567271646494916,29.38846804310991,104.36756818199194,126.39845750343878
71.90459051842456,9.223812656681968,102.10192426682428,104.49334903131887
29.7121715623175,18.11177208261442,92.56556560378446,100.9410075863534
56.64046402968972,16.725564437096608,113.5234750781232,111.76175696941459
47.60504021990997,1.3098354266032397,106.27478098919556,76.43999710999034
66.36711653626482,1.2095881945677622,89.27755131201097,85.70657987779157
93.6829739324758,41.58485218378867,176.87589447209126,180.0599038838872
73.25720972102503,13.65354049864062,123.1537008775663,114.01556413662449
21.494037859075675,25.90393831194077,117.38177442551152,112.34409179957132
3.1183135061284672,14.936278679438653,85.63265901645995,81.18590738247723
26.22640442998251,47.03396225576702,163.249632658682,156.89784266985367
59.507793070025485,12.964837943288687,126.24900806988552,105.7037917802272
5.1425813484250344,21.48284063694675,84.22808759484687,95.27125510734012
49.636624720123635,43.63651252423009,166.82765817663656,161.9299762225637
59.68428489168892,42.09667833959043,154.77168782520994,163.92683070072235
33.424389081696084,9.305070892313866,90.87746278889826,85.23985596406553
77.09122037458219,40.13216548978552,159.62307605200118,168.78942923191522
10.65982531337718,22.90934433689463,96.974933194427,100.90170351600325
7.513778173580876,24.14844360426776,99.1028771529469,101.78700979799581
72.81887562036033,6.673998620797189,109.51560224522164,99.86638608419568
49.549131620619846,4.0300756878562325,92.01926162544652,82.8492819756087
68.84023964277361,36.39696534868826,144.75687675429947,157.17252638005485
43.48273386037462,24.823057617764988,121.93682327571578,121.28180306927237
24.640203323910683,21.84253513075898,98.90937337598156,105.82680209428028
81.91023176741997,36.47541143261984,151.3208896421963,163.9236908085865
79.94158789689793,38.275644949555485,164.35191334331623,166.5228404189363
69.46964708544267,7.945408383467678,97.5408124250985,100.71365189957172
27.21451372299627,30.511257473882065,148.8969366727175,124.42455345702434
59.023066686908706,6.767704113884276,97.37653982482986,93.09253881482724
36.09738969400268,37.56875430145229,129.41002844236354,142.99008937856217
9.158207332663416,32.84775781335698,114.62687925133623,119.97662595227318
91.73135754622427,47.8307310541729,201.74097383575193,191.5391439169093
13.68186309189614,3.447900817821059,84.62116091028943,63.59026293544514
95.02373538208025,2.8527360575627156,87.35750668378597,103.44460162794564
44.600577295795574,14.109353734660008,81.71975226582734,100.46611330307076
